사용월,호선명,역ID,지하철역,유임승차,유임하차,무임승차,무임하차,작업일시
2025-12,1호선,0150,서울역,"2,139,266","2,033,765","285,273","269,301",2026-01-03 11:12:43
2025-12,1호선,0151,시청,"757,526","761,025","123,162","121,534",2026-01-03 11:12:43
2025-12,1호선,0152,종각,"1,169,643","1,114,545","185,655","171,213",2026-01-03 11:12:43
2025-12,1호선,0153,종로3가,"532,846","469,163","323,524","295,418",2026-01-03 11:12:43
2025-12,1호선,0154,종로5가,"498,106","489,492","257,349","250,684",2026-01-03 11:12:43
2025-12,1호선,0155,동대문,"268,677","260,411","135,572","133,695",2026-01-03 11:12:43
2025-12,1호선,0156,신설동,"315,831","303,373","127,075","122,587",2026-01-03 11:12:43
2025-12,1호선,0157,제기동,"237,506","228,264","260,338","280,931",2026-01-03 11:12:43
2025-12,1호선,0158,청량리(서울시립대입구),"444,639","441,089","301,014","302,847",2026-01-03 11:12:43
2025-12,1호선,0159,동묘앞,"159,800","165,315","151,749","154,303",2026-01-03 11:12:43
2025-12,2호선,0201,시청,"776,522","707,569","72,809","64,681",2026-01-03 11:12:43
2025-12,2호선,0202,을지로입구,"1,583,801","1,615,231","133,059","124,417",2026-01-03 11:12:43
2025-12,2호선,0203,을지로3가,"728,968","729,511","85,225","85,343",2026-01-03 11:12:43
2025-12,2호선,0204,을지로4가,"382,908","379,952","81,434","80,679",2026-01-03 11:12:43
2025-12,2호선,0205,동대문역사문화공원(DDP),"435,023","515,054","67,464","74,358",2026-01-03 11:12:43
2025-12,2호선,0206,신당,"383,643","406,379","98,557","101,115",2026-01-03 11:12:43
2025-12,2호선,0207,상왕십리,"376,492","368,773","73,922","74,682",2026-01-03 11:12:43
2025-12,2호선,0208,왕십리(성동구청),"463,488","427,821","61,261","56,615",2026-01-03 11:12:43
2025-12,2호선,0209,한양대,"344,962","370,603","15,906","17,294",2026-01-03 11:12:43
2025-12,2호선,0210,뚝섬,"711,688","744,323","72,272","71,937",2026-01-03 11:12:43
2025-12,2호선,0211,성수,"1,715,327","1,839,341","110,207","110,770",2026-01-03 11:12:43
2025-12,2호선,0212,건대입구,"1,146,662","1,201,189","108,026","112,317",2026-01-03 11:12:43
2025-12,2호선,0213,구의(광진구청),"749,759","736,055","132,893","133,642",2026-01-03 11:12:43
2025-12,2호선,0214,강변(동서울터미널),"758,582","690,840","124,365","118,310",2026-01-03 11:12:43
2025-12,2호선,0215,잠실나루,"350,294","337,564","99,708","98,672",2026-01-03 11:12:43
2025-12,2호선,0216,잠실(송파구청),"2,570,844","2,520,700","255,953","245,328",2026-01-03 11:12:43
2025-12,2호선,0217,잠실새내,"633,605","625,195","128,352","127,505",2026-01-03 11:12:43
2025-12,2호선,0218,종합운동장,"251,004","276,465","57,781","60,513",2026-01-03 11:12:43
2025-12,2호선,0219,삼성(무역센터),"1,734,254","1,696,150","145,294","135,573",2026-01-03 11:12:43
2025-12,2호선,0220,선릉,"1,449,962","1,268,619","260,590","229,004",2026-01-03 11:12:43
2025-12,2호선,0221,역삼,"1,320,249","1,491,414","155,711","158,757",2026-01-03 11:12:43
2025-12,2호선,0222,강남,"2,354,430","2,331,914","188,170","164,829",2026-01-03 11:12:43
2025-12,2호선,0223,교대(법원.검찰청),"755,413","913,328","175,037","210,019",2026-01-03 11:12:43
2025-12,2호선,0224,서초,"581,170","560,063","110,299","111,427",2026-01-03 11:12:43
2025-12,2호선,0225,방배,"437,408","450,108","86,849","85,668",2026-01-03 11:12:43
2025-12,2호선,0226,사당,"1,121,638","1,248,205","275,361","261,207",2026-01-03 11:12:43
2025-12,2호선,0227,낙성대(강감찬),"737,576","706,399","123,794","125,897",2026-01-03 11:12:43
2025-12,2호선,0228,서울대입구(관악구청),"1,249,968","1,200,142","197,578","186,331",2026-01-03 11:12:43
2025-12,2호선,0229,봉천,"589,359","543,952","167,691","167,176",2026-01-03 11:12:43
2025-12,2호선,0230,신림,"1,520,913","1,483,487","220,738","221,716",2026-01-03 11:12:43
2025-12,2호선,0231,신대방,"626,153","592,764","139,542","140,705",2026-01-03 11:12:43
2025-12,2호선,0232,구로디지털단지,"1,504,375","1,484,292","240,595","239,869",2026-01-03 11:12:43
2025-12,2호선,0233,대림(구로구청),"604,793","615,864","152,139","158,080",2026-01-03 11:12:43
2025-12,2호선,0234,신도림,"1,282,044","1,240,026","255,430","239,698",2026-01-03 11:12:43
2025-12,2호선,0235,문래,"610,866","635,935","97,565","97,328",2026-01-03 11:12:43
2025-12,2호선,0236,영등포구청,"588,329","611,747","120,297","119,780",2026-01-03 11:12:43
2025-12,2호선,0237,당산,"499,331","568,940","65,991","72,809",2026-01-03 11:12:43
2025-12,2호선,0238,합정,"958,696","1,056,224","77,764","79,792",2026-01-03 11:12:43
2025-12,2호선,0239,홍대입구,"2,326,666","2,506,305","114,074","110,914",2026-01-03 11:12:43
2025-12,2호선,0240,신촌,"1,079,062","1,091,088","141,665","140,173",2026-01-03 11:12:43
2025-12,2호선,0241,이대,"477,437","514,498","54,610","58,558",2026-01-03 11:12:43
2025-12,2호선,0242,아현,"276,334","258,162","72,298","71,205",2026-01-03 11:12:43
2025-12,2호선,0243,충정로(경기대입구),"261,004","282,726","51,525","51,581",2026-01-03 11:12:43
2025-12,2호선,0244,용답,"73,430","72,920","18,701","18,455",2026-01-03 11:12:43
2025-12,2호선,0245,신답,"42,160","48,625","10,326","10,624",2026-01-03 11:12:43
2025-12,2호선,0246,신설동,"87,083","84,575","35,866","38,080",2026-01-03 11:12:43
2025-12,2호선,0247,도림천,"30,624","31,628","9,937","10,938",2026-01-03 11:12:43
2025-12,2호선,0248,양천구청,"149,990","159,434","58,691","59,453",2026-01-03 11:12:43
2025-12,2호선,0249,신정네거리,"234,674","238,313","82,790","84,556",2026-01-03 11:12:43
2025-12,2호선,0250,용두(동대문구청),"52,739","50,804","22,915","24,453",2026-01-03 11:12:43
2025-12,3호선,0309,지축,"191,017","192,132","39,021","38,417",2026-01-03 11:12:43
2025-12,3호선,0310,구파발,"538,244","524,205","151,848","145,121",2026-01-03 11:12:43
2025-12,3호선,0311,연신내,"875,925","834,583","290,989","281,694",2026-01-03 11:12:43
2025-12,3호선,0312,불광,"354,968","373,131","159,919","176,692",2026-01-03 11:12:43
2025-12,3호선,0313,녹번,"380,360","344,310","88,656","87,486",2026-01-03 11:12:43
2025-12,3호선,0314,홍제,"406,550","383,797","159,242","156,037",2026-01-03 11:12:43
2025-12,3호선,0315,무악재,"93,762","89,663","35,155","37,444",2026-01-03 11:12:43
2025-12,3호선,0316,독립문,"172,962","181,145","74,939","75,828",2026-01-03 11:12:43
2025-12,3호선,0317,경복궁(정부서울청사),"713,570","725,011","100,445","95,898",2026-01-03 11:12:43
2025-12,3호선,0318,안국,"690,644","717,788","115,055","123,228",2026-01-03 11:12:43
2025-12,3호선,0319,종로3가,"274,380","310,346","77,847","88,422",2026-01-03 11:12:43
2025-12,3호선,0320,을지로3가,"365,850","350,234","58,153","53,854",2026-01-03 11:12:43
2025-12,3호선,0321,충무로,157,0,4,0,2026-01-03 11:12:43
2025-12,3호선,0322,동대입구,"303,928","335,941","46,716","50,983",2026-01-03 11:12:43
2025-12,3호선,0323,약수,"312,274","308,735","89,369","84,284",2026-01-03 11:12:43
2025-12,3호선,0324,금호,"192,826","178,987","58,673","57,508",2026-01-03 11:12:43
2025-12,3호선,0325,옥수,"213,343","220,179","67,250","67,620",2026-01-03 11:12:43
2025-12,3호선,0326,압구정,"840,950","907,930","156,900","156,358",2026-01-03 11:12:43
2025-12,3호선,0327,신사,"787,471","824,665","79,605","77,294",2026-01-03 11:12:43
2025-12,3호선,0328,잠원,"175,527","167,342","48,387","46,415",2026-01-03 11:12:43
2025-12,3호선,0329,고속터미널,"1,461,584","1,404,032","266,459","246,821",2026-01-03 11:12:43
2025-12,3호선,0330,교대(법원.검찰청),"421,878","237,155","104,747","58,070",2026-01-03 11:12:43
2025-12,3호선,0331,남부터미널(예술의전당),"831,489","830,988","146,911","147,268",2026-01-03 11:12:43
2025-12,3호선,0332,양재(서초구청),"976,910","1,038,266","179,002","180,260",2026-01-03 11:12:43
2025-12,3호선,0333,매봉,"301,391","292,897","89,350","84,041",2026-01-03 11:12:43
2025-12,3호선,0334,도곡,"155,349","155,841","36,259","34,436",2026-01-03 11:12:43
2025-12,3호선,0335,대치,"284,519","280,754","79,759","77,776",2026-01-03 11:12:43
2025-12,3호선,0336,학여울,"65,824","67,831","22,743","22,086",2026-01-03 11:12:43
2025-12,3호선,0337,대청,"265,377","245,707","69,466","67,291",2026-01-03 11:12:43
2025-12,3호선,0338,일원,"268,896","260,401","78,225","77,783",2026-01-03 11:12:43
2025-12,3호선,0339,수서,"453,621","451,243","136,190","131,804",2026-01-03 11:12:43
2025-12,3호선,0340,가락시장,"204,549","202,096","91,033","88,473",2026-01-03 11:12:43
2025-12,3호선,0341,경찰병원,"175,503","172,881","51,305","53,283",2026-01-03 11:12:43
2025-12,3호선,0342,오금,"159,208","141,748","37,873","35,844",2026-01-03 11:12:43
2025-12,4호선,0409,불암산,"211,656","176,068","84,689","83,475",2026-01-03 11:12:43
2025-12,4호선,0410,상계,"453,155","419,649","147,628","144,972",2026-01-03 11:12:43
2025-12,4호선,0411,노원,"538,630","618,465","123,029","121,097",2026-01-03 11:12:43
2025-12,4호선,0412,창동,"595,091","627,617","257,102","264,859",2026-01-03 11:12:43
2025-12,4호선,0413,쌍문,"699,028","638,554","201,958","199,499",2026-01-03 11:12:43
2025-12,4호선,0414,수유(강북구청),"859,364","863,328","214,081","215,929",2026-01-03 11:12:43
2025-12,4호선,0415,미아(서울사이버대학),"362,090","341,394","133,884","136,543",2026-01-03 11:12:43
2025-12,4호선,0416,미아사거리,"612,958","604,929","205,459","205,307",2026-01-03 11:12:43
2025-12,4호선,0417,길음,"527,707","525,225","136,388","135,081",2026-01-03 11:12:43
2025-12,4호선,0418,성신여대입구(돈암),"629,237","601,912","103,964","102,380",2026-01-03 11:12:43
2025-12,4호선,0419,한성대입구(삼선교),"375,732","361,881","83,203","81,798",2026-01-03 11:12:43
2025-12,4호선,0420,혜화,"1,108,491","1,104,362","151,248","147,786",2026-01-03 11:12:43
2025-12,4호선,0421,동대문,"421,561","444,687","160,537","157,113",2026-01-03 11:12:43
2025-12,4호선,0422,동대문역사문화공원(DDP),"582,701","504,291","77,152","68,060",2026-01-03 11:12:43
2025-12,4호선,0423,충무로,"822,215","853,933","136,281","138,861",2026-01-03 11:12:43
2025-12,4호선,0424,명동,"1,171,722","1,277,143","106,197","112,202",2026-01-03 11:12:43
2025-12,4호선,0425,회현(남대문시장),"693,480","736,883","225,474","228,743",2026-01-03 11:12:43
2025-12,4호선,0426,서울역,"344,268","682,739","46,616","68,102",2026-01-03 11:12:43
2025-12,4호선,0427,숙대입구(갈월),"426,680","418,709","62,478","58,951",2026-01-03 11:12:43
2025-12,4호선,0428,삼각지(전쟁기념관),"207,379","249,560","27,301","28,902",2026-01-03 11:12:43
2025-12,4호선,0429,신용산,"651,048","706,742","67,484","67,844",2026-01-03 11:12:43
2025-12,4호선,0430,이촌(국립중앙박물관),"305,223","324,604","65,639","68,773",2026-01-03 11:12:43
2025-12,4호선,0431,동작(현충원),"41,250","42,917","12,778","12,942",2026-01-03 11:12:43
2025-12,4호선,0432,총신대입구(이수),"437,326","477,466","176,087","185,829",2026-01-03 11:12:43
2025-12,4호선,0433,사당,"724,199","644,632","120,891","130,880",2026-01-03 11:12:43
2025-12,4호선,0434,남태령,"35,890","28,865","8,819","8,060",2026-01-03 11:12:43
2025-12,경부선,1001,서울역,"345,772","124,752","22,074","5,726",2026-01-03 11:12:43
2025-12,경부선,1002,남영,"253,929","268,503","40,359","41,449",2026-01-03 11:12:43
2025-12,경부선,1003,용산,"1,415,751","1,432,779","158,728","156,030",2026-01-03 11:12:43
2025-12,경부선,1004,노량진,"265,733","293,468","56,648","57,278",2026-01-03 11:12:43
2025-12,경부선,1005,대방,"244,648","284,902","64,871","68,958",2026-01-03 11:12:43
2025-12,경부선,1006,영등포,"1,069,097","1,086,796","350,356","350,154",2026-01-03 11:12:43
2025-12,경부선,1007,신도림,"90,242","97,573","26,472","32,273",2026-01-03 11:12:43
2025-12,경부선,1032,신길,"211,775","185,304","50,266","47,578",2026-01-03 11:12:43
2025-12,경부선,1701,구로,"414,856","428,890","119,212","116,215",2026-01-03 11:12:43
2025-12,경부선,1702,가산디지털단지,"439,212","517,167","42,635","48,815",2026-01-03 11:12:43
2025-12,경부선,1703,금천구청,"236,392","241,587","88,700","90,913",2026-01-03 11:12:43
2025-12,경부선,1704,석수,"196,677","178,891","54,999","51,766",2026-01-03 11:12:43
2025-12,경부선,1705,관악,"155,772","150,879","62,974","61,286",2026-01-03 11:12:43
2025-12,경부선,1706,안양,"578,027","559,923","148,361","153,362",2026-01-03 11:12:43
2025-12,경부선,1707,명학,"210,016","205,989","49,367","48,129",2026-01-03 11:12:43
2025-12,경부선,1708,금정,"708,660","725,330","156,507","158,911",2026-01-03 11:12:43
2025-12,경부선,1709,군포,"156,659","153,408","41,392","40,408",2026-01-03 11:12:43
2025-12,경부선,1710,의왕,"226,160","221,937","50,510","50,294",2026-01-03 11:12:43
2025-12,경부선,1711,성균관대,"408,736","397,527","75,433","75,492",2026-01-03 11:12:43
2025-12,경부선,1712,화서,"317,462","310,054","57,823","56,428",2026-01-03 11:12:43
2025-12,경부선,1713,수원,"1,102,273","1,167,623","191,566","195,101",2026-01-03 11:12:43
2025-12,경부선,1714,독산,"410,762","412,858","75,217","77,122",2026-01-03 11:12:43
2025-12,경부선,1715,세류,"91,233","83,739","20,117","19,627",2026-01-03 11:12:43
2025-12,경부선,1716,병점,"405,285","403,438","81,796","81,396",2026-01-03 11:12:43
2025-12,경부선,1717,세마,"88,278","83,543","18,420","17,470",2026-01-03 11:12:43
2025-12,경부선,1718,오산대,"100,326","91,350","20,353","19,433",2026-01-03 11:12:43
2025-12,경부선,1719,오산,"284,823","280,757","58,679","59,123",2026-01-03 11:12:43
2025-12,경부선,1720,진위,"39,691","35,147","10,051","9,905",2026-01-03 11:12:43
2025-12,경부선,1721,송탄,"117,568","112,970","24,552","24,276",2026-01-03 11:12:43
2025-12,경부선,1722,서정리,"225,191","212,873","40,989","39,835",2026-01-03 11:12:43
2025-12,경부선,1723,평택지제,"123,207","114,164","17,075","15,924",2026-01-03 11:12:43
2025-12,경부선,1724,평택,"344,690","339,073","80,129","78,187",2026-01-03 11:12:43
2025-12,경부선,1725,성환,"127,665","122,268","23,584","23,317",2026-01-03 11:12:43
2025-12,경부선,1726,직산,"25,407","25,312","5,947","5,540",2026-01-03 11:12:43
2025-12,경부선,1727,두정,"211,449","224,064","34,242","34,838",2026-01-03 11:12:43
2025-12,경부선,1728,천안,"158,853","149,931","62,147","60,778",2026-01-03 11:12:43
2025-12,경부선,1729,당정,"151,847","145,081","39,050","37,270",2026-01-03 11:12:43
2025-12,경부선,1749,서동탄,"36,237","30,289","8,070","7,351",2026-01-03 11:12:43
2025-12,경부선,1750,광명,"107,339","88,134","13,629","12,645",2026-01-03 11:12:43
2025-12,경인선,1801,개봉,"505,718","485,542","187,333","191,770",2026-01-03 11:12:43
2025-12,경인선,1802,오류동,"251,702","229,473","100,721","97,400",2026-01-03 11:12:43
2025-12,경인선,1803,역곡,"613,671","604,936","178,219","183,699",2026-01-03 11:12:43
2025-12,경인선,1804,부천,"717,728","715,708","266,435","269,443",2026-01-03 11:12:43
2025-12,경인선,1805,송내,"622,512","610,896","156,125","153,976",2026-01-03 11:12:43
2025-12,경인선,1806,부평,"743,918","785,089","178,715","179,110",2026-01-03 11:12:43
2025-12,경인선,1807,백운,"146,043","138,270","64,804","64,768",2026-01-03 11:12:43
2025-12,경인선,1808,동암,"342,528","345,239","121,265","122,533",2026-01-03 11:12:43
2025-12,경인선,1809,주안,"454,269","406,573","109,364","96,806",2026-01-03 11:12:43
2025-12,경인선,1810,제물포,"251,729","239,581","76,276","75,802",2026-01-03 11:12:43
2025-12,경인선,1811,동인천,"285,097","262,899","127,958","124,902",2026-01-03 11:12:43
2025-12,경인선,1812,인천,"74,504","58,756","36,136","33,808",2026-01-03 11:12:43
2025-12,경인선,1813,구일,"209,188","235,657","50,515","49,690",2026-01-03 11:12:43
2025-12,경인선,1814,소사,"176,390","169,160","70,077","70,108",2026-01-03 11:12:43
2025-12,경인선,1815,부개,"179,736","162,824","78,388","77,064",2026-01-03 11:12:43
2025-12,경인선,1816,간석,"124,107","115,801","52,246","50,558",2026-01-03 11:12:43
2025-12,경인선,1817,도원,"66,866","66,876","32,083","33,667",2026-01-03 11:12:43
2025-12,경인선,1821,온수(성공회대입구),"135,519","124,763","55,917","54,429",2026-01-03 11:12:43
2025-12,경인선,1822,중동,"190,124","172,755","87,843","86,457",2026-01-03 11:12:43
2025-12,경인선,1823,도화,"79,201","69,745","43,034","41,548",2026-01-03 11:12:43
2025-12,경원선,1008,이촌(국립중앙박물관),"87,642","70,831","35,231","29,330",2026-01-03 11:12:43
2025-12,경원선,1009,서빙고,"54,108","52,024","20,723","20,531",2026-01-03 11:12:43
2025-12,경원선,1010,한남,"81,683","84,897","27,966","26,269",2026-01-03 11:12:43
2025-12,경원선,1011,옥수,"1,513","1,076",172,96,2026-01-03 11:12:43
2025-12,경원선,1012,응봉,"36,724","30,445","17,563","15,676",2026-01-03 11:12:43
2025-12,경원선,1013,왕십리(성동구청),"462,904","459,439","91,014","91,313",2026-01-03 11:12:43
2025-12,경원선,1014,청량리(서울시립대입구),"409,641","407,691","164,813","170,642",2026-01-03 11:12:43
2025-12,경원선,1016,외대앞,"292,910","283,190","56,855","56,163",2026-01-03 11:12:43
2025-12,경원선,1017,신이문,"182,000","167,671","73,083","71,867",2026-01-03 11:12:43
2025-12,경원선,1018,석계,"164,734","186,994","65,109","69,775",2026-01-03 11:12:43
2025-12,경원선,1019,광운대,"199,643","191,314","61,203","59,354",2026-01-03 11:12:43
2025-12,경원선,1020,월계,"147,850","132,905","65,091","63,095",2026-01-03 11:12:43
2025-12,경원선,1021,녹천,"92,718","76,215","39,802","36,317",2026-01-03 11:12:43
2025-12,경원선,1022,창동,152,0,14,0,2026-01-03 11:12:43
2025-12,경원선,1901,방학,"188,076","182,883","121,969","119,552",2026-01-03 11:12:43
2025-12,경원선,1902,도봉,"102,391","95,487","77,167","76,341",2026-01-03 11:12:43
2025-12,경원선,1903,도봉산,"125,757","67,545","109,714","83,884",2026-01-03 11:12:43
2025-12,경원선,1904,망월사,"183,880","181,544","80,109","81,796",2026-01-03 11:12:43
2025-12,경원선,1905,회룡,"237,239","230,589","173,631","171,604",2026-01-03 11:12:43
2025-12,경원선,1906,의정부,"476,360","484,222","136,569","136,146",2026-01-03 11:12:43
2025-12,경원선,1907,가능,"133,713","127,150","63,348","62,585",2026-01-03 11:12:43
2025-12,경원선,1908,녹양,"91,937","87,807","43,574","41,414",2026-01-03 11:12:43
2025-12,경원선,1909,양주,"159,353","153,156","61,805","59,669",2026-01-03 11:12:43
2025-12,경원선,1910,덕계,"154,148","142,467","40,619","39,125",2026-01-03 11:12:43
2025-12,경원선,1911,덕정,"155,133","144,418","41,668","41,820",2026-01-03 11:12:43
2025-12,경원선,1912,지행,"152,397","152,406","51,099","50,914",2026-01-03 11:12:43
2025-12,경원선,1913,동두천중앙,"53,300","51,285","35,608","35,534",2026-01-03 11:12:43
2025-12,경원선,1914,보산,"33,721","30,401","14,363","13,806",2026-01-03 11:12:43
2025-12,경원선,1915,동두천,"39,959","38,576","18,547","18,569",2026-01-03 11:12:43
2025-12,경원선,1916,소요산,"11,421","11,920","39,371","39,334",2026-01-03 11:12:43
2025-12,경원선,1917,청산,"2,402","1,946","1,972","1,710",2026-01-03 11:12:43
2025-12,경원선,1918,전곡,"25,943","23,449","12,974","11,756",2026-01-03 11:12:43
2025-12,경원선,1919,연천,"12,980","11,534","16,219","15,806",2026-01-03 11:12:43
2025-12,안산선,1751,산본,"383,299","407,625","128,008","129,847",2026-01-03 11:12:43
2025-12,안산선,1752,대야미,"117,841","101,142","36,635","34,181",2026-01-03 11:12:43
2025-12,안산선,1753,반월,"99,256","94,820","37,174","36,590",2026-01-03 11:12:43
2025-12,안산선,1754,상록수,"375,248","375,253","83,139","84,620",2026-01-03 11:12:43
2025-12,안산선,1755,한대앞,"244,393","241,921","51,454","52,412",2026-01-03 11:12:43
2025-12,안산선,1756,중앙,"496,657","519,937","82,725","81,641",2026-01-03 11:12:43
2025-12,안산선,1757,고잔,"230,659","222,813","45,628","43,820",2026-01-03 11:12:43
2025-12,안산선,1758,초지,"129,535","132,018","21,061","21,389",2026-01-03 11:12:43
2025-12,안산선,1759,안산,"317,888","296,526","44,497","42,323",2026-01-03 11:12:43
2025-12,안산선,1760,신길온천,"52,693","46,364","11,838","11,275",2026-01-03 11:12:43
2025-12,안산선,1761,정왕,"256,467","258,408","34,049","35,179",2026-01-03 11:12:43
2025-12,안산선,1762,오이도,"196,181","196,471","37,889","37,734",2026-01-03 11:12:43
2025-12,안산선,1763,수리산,"87,237","70,027","35,399","32,000",2026-01-03 11:12:43
2025-12,과천선,1450,선바위,"197,395","164,942","36,555","35,210",2026-01-03 11:12:43
2025-12,과천선,1451,경마공원,"75,237","74,962","80,119","79,650",2026-01-03 11:12:43
2025-12,과천선,1452,대공원,"63,270","63,470","26,643","27,679",2026-01-03 11:12:43
2025-12,과천선,1453,과천,"122,596","110,427","44,884","43,104",2026-01-03 11:12:43
2025-12,과천선,1454,정부과천청사,"331,748","346,926","67,145","66,334",2026-01-03 11:12:43
2025-12,과천선,1455,인덕원,"646,633","658,335","157,269","160,851",2026-01-03 11:12:43
2025-12,과천선,1456,평촌,"460,731","444,374","83,176","82,321",2026-01-03 11:12:43
2025-12,과천선,1457,범계,"756,244","758,585","152,256","148,324",2026-01-03 11:12:43
2025-12,분당선,1023,선릉,"322,924","493,882","54,925","72,831",2026-01-03 11:12:43
2025-12,분당선,1024,한티,"392,256","412,123","79,907","81,161",2026-01-03 11:12:43
2025-12,분당선,1025,도곡,"172,214","178,367","63,259","61,283",2026-01-03 11:12:43
2025-12,분당선,1026,구룡,"80,639","77,715","29,644","29,545",2026-01-03 11:12:43
2025-12,분당선,1027,개포동,"99,232","101,905","37,260","37,885",2026-01-03 11:12:43
2025-12,분당선,1028,대모산입구,"137,519","128,919","41,336","40,726",2026-01-03 11:12:43
2025-12,분당선,1030,수서,"460,661","485,290","86,773","91,895",2026-01-03 11:12:43
2025-12,분당선,1031,복정,66,0,2,0,2026-01-03 11:12:43
2025-12,분당선,1846,수원,"220,584","209,045","40,520","38,067",2026-01-03 11:12:43
2025-12,분당선,1847,서울숲,"322,474","334,264","33,487","33,111",2026-01-03 11:12:43
2025-12,분당선,1848,압구정로데오,"558,976","615,045","53,151","51,336",2026-01-03 11:12:43
2025-12,분당선,1849,강남구청,"240,840","281,220","45,547","49,478",2026-01-03 11:12:43
2025-12,분당선,1850,선정릉,"178,300","184,418","36,817","35,309",2026-01-03 11:12:43
2025-12,분당선,1851,가천대,"275,838","275,166","31,509","32,165",2026-01-03 11:12:43
2025-12,분당선,1852,태평,"306,600","283,271","106,147","111,232",2026-01-03 11:12:43
2025-12,분당선,1853,모란,"437,002","439,078","189,330","206,636",2026-01-03 11:12:43
2025-12,분당선,1854,야탑,"605,258","644,137","198,140","198,818",2026-01-03 11:12:43
2025-12,분당선,1855,서현,"605,071","620,751","149,938","146,100",2026-01-03 11:12:43
2025-12,분당선,1856,수내,"317,381","316,384","90,710","89,283",2026-01-03 11:12:43
2025-12,분당선,1857,정자,"482,948","507,120","81,455","81,117",2026-01-03 11:12:43
2025-12,분당선,1858,미금,"349,004","355,483","129,247","134,269",2026-01-03 11:12:43
2025-12,분당선,1859,오리,"259,522","224,364","82,587","73,332",2026-01-03 11:12:43
2025-12,분당선,1860,이매,"126,141","120,209","45,806","44,068",2026-01-03 11:12:43
2025-12,분당선,1861,보정,"56,087","47,774","22,492","21,229",2026-01-03 11:12:43
2025-12,분당선,1862,죽전,"333,133","374,928","83,543","90,217",2026-01-03 11:12:43
2025-12,분당선,1863,구성,"183,471","186,646","49,846","50,407",2026-01-03 11:12:43
2025-12,분당선,1864,신갈,"114,324","110,401","36,828","36,387",2026-01-03 11:12:43
2025-12,분당선,1865,기흥,"267,483","245,564","55,775","53,637",2026-01-03 11:12:43
2025-12,분당선,1866,상갈,"121,468","114,908","36,835","35,817",2026-01-03 11:12:43
2025-12,분당선,1867,청명,"118,103","111,797","27,645","27,556",2026-01-03 11:12:43
2025-12,분당선,1868,영통,"245,326","246,624","41,723","41,513",2026-01-03 11:12:43
2025-12,분당선,1869,망포,"413,849","396,812","54,167","52,608",2026-01-03 11:12:43
2025-12,분당선,1870,매탄권선,"141,067","137,278","30,448","29,537",2026-01-03 11:12:43
2025-12,분당선,1871,수원시청,"384,843","420,455","62,138","63,612",2026-01-03 11:12:43
2025-12,분당선,1872,매교,"132,289","130,656","32,028","32,518",2026-01-03 11:12:43
2025-12,일산선,1948,원흥,"271,960","256,780","74,073","71,441",2026-01-03 11:12:43
2025-12,일산선,1949,지축,55,0,1,0,2026-01-03 11:12:43
2025-12,일산선,1950,삼송,"502,378","478,239","113,758","113,739",2026-01-03 11:12:43
2025-12,일산선,1951,원당,"265,072","251,515","94,963","94,418",2026-01-03 11:12:43
2025-12,일산선,1952,화정,"390,132","404,368","141,752","145,240",2026-01-03 11:12:43
2025-12,일산선,1953,대곡,"317,040","288,389","30,884","28,254",2026-01-03 11:12:43
2025-12,일산선,1954,백석,"233,261","239,593","92,423","92,352",2026-01-03 11:12:43
2025-12,일산선,1955,마두,"161,644","161,906","77,553","79,255",2026-01-03 11:12:43
2025-12,일산선,1956,정발산,"170,577","175,601","67,737","64,115",2026-01-03 11:12:43
2025-12,일산선,1957,주엽,"173,570","166,898","101,950","103,459",2026-01-03 11:12:43
2025-12,일산선,1958,대화,"253,751","199,448","91,285","84,744",2026-01-03 11:12:43
2025-12,중앙선,1015,회기,"715,031","669,408","136,388","133,987",2026-01-03 11:12:43
2025-12,중앙선,1201,중랑,"119,437","110,875","54,678","54,573",2026-01-03 11:12:43
2025-12,중앙선,1202,상봉,"141,479","135,792","48,943","46,583",2026-01-03 11:12:43
2025-12,중앙선,1203,망우,"160,742","151,795","79,966","80,763",2026-01-03 11:12:43
2025-12,중앙선,1204,양원,"72,383","69,654","24,811","24,465",2026-01-03 11:12:43
2025-12,중앙선,1205,구리,"181,005","197,646","56,966","60,402",2026-01-03 11:12:43
2025-12,중앙선,1206,도농,"222,797","202,531","73,617","70,852",2026-01-03 11:12:43
2025-12,중앙선,1207,양정,"9,180","7,489","5,722","4,965",2026-01-03 11:12:43
2025-12,중앙선,1208,덕소,"118,755","116,979","51,960","52,511",2026-01-03 11:12:43
2025-12,중앙선,1209,도심,"63,578","48,563","23,566","21,552",2026-01-03 11:12:43
2025-12,중앙선,1210,팔당,"16,626","17,464","7,576","7,518",2026-01-03 11:12:43
2025-12,중앙선,1211,운길산,"9,158","8,322","7,428","7,485",2026-01-03 11:12:43
2025-12,중앙선,1212,양수,"30,728","30,870","21,563","21,400",2026-01-03 11:12:43
2025-12,중앙선,1213,신원,"2,023","1,874","2,740","2,462",2026-01-03 11:12:43
2025-12,중앙선,1214,국수,"11,235","10,695","11,050","11,216",2026-01-03 11:12:43
2025-12,중앙선,1215,아신,"9,750","9,980","6,453","6,437",2026-01-03 11:12:43
2025-12,중앙선,1216,오빈,"4,365","4,357","4,854","4,931",2026-01-03 11:12:43
2025-12,중앙선,1217,양평,"65,540","67,152","37,826","38,289",2026-01-03 11:12:43
2025-12,중앙선,1218,원덕,"4,429","4,354","6,075","5,828",2026-01-03 11:12:43
2025-12,중앙선,1219,용문,"30,080","30,038","32,545","32,529",2026-01-03 11:12:43
2025-12,중앙선,1220,지평,681,885,820,885,2026-01-03 11:12:43
2025-12,장항선,1401,봉명,"29,032","29,410","12,166","11,821",2026-01-03 11:12:43
2025-12,장항선,1402,쌍용(나사렛대),"64,174","61,451","18,436","17,744",2026-01-03 11:12:43
2025-12,장항선,1403,아산,"116,753","102,130","16,622","15,532",2026-01-03 11:12:43
2025-12,장항선,1404,탕정,"56,889","50,090","8,504","8,020",2026-01-03 11:12:43
2025-12,장항선,1405,배방,"33,144","32,390","9,149","9,061",2026-01-03 11:12:43
2025-12,장항선,1407,온양온천,"92,248","92,617","72,154","72,542",2026-01-03 11:12:43
2025-12,장항선,1408,신창(순천향대),"47,870","45,481","6,673","6,017",2026-01-03 11:12:43
2025-12,경의선,1252,신촌,"24,610","31,039","4,128","5,204",2026-01-03 11:12:43
2025-12,경의선,1261,효창공원앞,"81,058","91,761","18,561","20,784",2026-01-03 11:12:43
2025-12,경의선,1263,서강대,"57,131","57,506","12,701","11,896",2026-01-03 11:12:43
2025-12,경의선,1265,가좌,"134,781","130,112","48,004","47,755",2026-01-03 11:12:43
2025-12,경의선,1267,수색,"74,400","76,547","19,492","19,812",2026-01-03 11:12:43
2025-12,경의선,1268,한국항공대,"66,800","60,994","9,579","9,037",2026-01-03 11:12:43
2025-12,경의선,1269,강매,"76,308","62,633","21,429","20,033",2026-01-03 11:12:43
2025-12,경의선,1270,행신,"188,064","189,422","43,368","44,202",2026-01-03 11:12:43
2025-12,경의선,1271,능곡,"97,960","91,667","37,989","37,253",2026-01-03 11:12:43
2025-12,경의선,1272,곡산,"10,947","11,746","6,052","6,058",2026-01-03 11:12:43
2025-12,경의선,1273,백마,"181,031","174,498","44,368","43,891",2026-01-03 11:12:43
2025-12,경의선,1274,풍산,"149,025","140,263","49,670","48,573",2026-01-03 11:12:43
2025-12,경의선,1275,일산,"238,262","231,150","80,889","80,772",2026-01-03 11:12:43
2025-12,경의선,1276,탄현,"187,775","177,827","49,254","48,819",2026-01-03 11:12:43
2025-12,경의선,1277,야당,"200,222","205,875","45,025","44,805",2026-01-03 11:12:43
2025-12,경의선,1278,운정,"193,220","180,996","50,916","49,555",2026-01-03 11:12:43
2025-12,경의선,1279,금릉,"119,620","115,135","35,996","35,522",2026-01-03 11:12:43
2025-12,경의선,1280,금촌,"148,901","142,134","54,363","54,369",2026-01-03 11:12:43
2025-12,경의선,1282,월롱,"51,769","43,479","10,138","10,354",2026-01-03 11:12:43
2025-12,경의선,1283,파주,"31,231","23,911","7,163","6,267",2026-01-03 11:12:43
2025-12,경의선,1284,문산,"127,002","121,873","50,405","49,790",2026-01-03 11:12:43
2025-12,경의선,1285,임진강,267,216,165,147,2026-01-03 11:12:43
2025-12,경의선,1286,운천,43,36,136,104,2026-01-03 11:12:43
2025-12,경의선,1291,서울역,"77,157","101,092","19,494","23,204",2026-01-03 11:12:43
2025-12,경의선,1292,공덕,"117,601","89,915","18,469","17,090",2026-01-03 11:12:43
2025-12,경의선,1293,홍대입구,"67,386","83,921","6,374","6,983",2026-01-03 11:12:43
2025-12,경의선,1294,디지털미디어시티,"68,961","63,869","13,603","14,771",2026-01-03 11:12:43
2025-12,경의선,1295,김포공항,3,0,0,0,2026-01-03 11:12:43
2025-12,경의선,1296,계양,0,0,1,0,2026-01-03 11:12:43
2025-12,경의선,1297,검암,2,0,2,0,2026-01-03 11:12:43
2025-12,경춘선,1311,신내,"62,101","58,609","22,961","22,356",2026-01-03 11:12:43
2025-12,경춘선,1312,갈매,"60,699","52,174","22,853","21,466",2026-01-03 11:12:43
2025-12,경춘선,1313,별내,"54,863","49,786","22,526","20,185",2026-01-03 11:12:43
2025-12,경춘선,1314,퇴계원,"69,354","62,005","35,458","33,853",2026-01-03 11:12:43
2025-12,경춘선,1315,사릉,"44,409","42,528","19,275","19,108",2026-01-03 11:12:43
2025-12,경춘선,1316,금곡,"30,510","29,176","18,991","18,338",2026-01-03 11:12:43
2025-12,경춘선,1317,평내호평,"142,961","138,271","54,397","52,517",2026-01-03 11:12:43
2025-12,경춘선,1318,천마산,"28,844","25,774","19,441","19,523",2026-01-03 11:12:43
2025-12,경춘선,1319,마석,"85,529","81,478","41,407","40,389",2026-01-03 11:12:43
2025-12,경춘선,1320,대성리,"9,601","9,008","6,282","5,950",2026-01-03 11:12:43
2025-12,경춘선,1321,청평,"32,460","31,433","19,716","19,256",2026-01-03 11:12:43
2025-12,경춘선,1322,상천,"3,259","2,968","3,630","3,372",2026-01-03 11:12:43
2025-12,경춘선,1323,가평,"40,853","40,065","15,767","15,415",2026-01-03 11:12:43
2025-12,경춘선,1324,굴봉산,"1,424","2,051","1,387","1,392",2026-01-03 11:12:43
2025-12,경춘선,1325,백양리,"6,491","5,337","1,363","1,405",2026-01-03 11:12:43
2025-12,경춘선,1326,강촌,"7,874","7,961","3,640","3,623",2026-01-03 11:12:43
2025-12,경춘선,1327,김유정,"7,161","7,262","3,711","3,800",2026-01-03 11:12:43
2025-12,경춘선,1328,남춘천,"69,511","68,929","27,066","27,479",2026-01-03 11:12:43
2025-12,경춘선,1329,춘천,"35,415","30,589","14,982","12,854",2026-01-03 11:12:43
2025-12,수인선,1873,고색,"145,365","139,528","25,966","24,305",2026-01-03 11:12:43
2025-12,수인선,1874,오목천,"114,581","95,820","21,263","20,111",2026-01-03 11:12:43
2025-12,수인선,1875,어천,"38,639","35,827","9,816","10,688",2026-01-03 11:12:43
2025-12,수인선,1876,야목,"17,752","14,293","4,319","3,680",2026-01-03 11:12:43
2025-12,수인선,1877,사리,"131,042","111,522","24,127","21,705",2026-01-03 11:12:43
2025-12,수인선,1878,달월,"1,707","1,257","1,186",689,2026-01-03 11:12:43
2025-12,수인선,1879,월곶,"68,628","62,093","22,410","21,904",2026-01-03 11:12:43
2025-12,수인선,1880,소래포구,"101,737","94,179","52,942","51,868",2026-01-03 11:12:43
2025-12,수인선,1881,인천논현,"121,875","129,319","46,003","46,301",2026-01-03 11:12:43
2025-12,수인선,1882,호구포,"88,521","91,672","26,635","26,645",2026-01-03 11:12:43
2025-12,수인선,1883,남동인더스파크,"53,725","60,859","7,426","7,954",2026-01-03 11:12:43
2025-12,수인선,1884,원인재,"94,464","99,193","39,780","39,594",2026-01-03 11:12:43
2025-12,수인선,1885,연수,"106,262","104,594","40,966","41,112",2026-01-03 11:12:43
2025-12,수인선,1886,송도,"53,304","46,611","27,133","25,941",2026-01-03 11:12:43
2025-12,수인선,1888,인하대,"176,156","161,634","36,937","34,726",2026-01-03 11:12:43
2025-12,수인선,1889,숭의,"97,377","88,533","36,554","34,267",2026-01-03 11:12:43
2025-12,수인선,1890,신포,"38,904","39,542","16,721","17,122",2026-01-03 11:12:43
2025-12,수인선,1891,인천,"17,629","30,023","14,000","17,336",2026-01-03 11:12:43
2025-12,경강선,1501,판교,"164,847","161,355","23,803","20,296",2026-01-03 11:12:43
2025-12,경강선,1502,이매,"25,172","21,400","6,673","6,490",2026-01-03 11:12:43
2025-12,경강선,1503,삼동,"57,136","52,625","16,314","16,463",2026-01-03 11:12:43
2025-12,경강선,1504,경기광주,"211,373","201,570","40,387","39,889",2026-01-03 11:12:43
2025-12,경강선,1505,초월,"96,440","87,861","20,056","19,583",2026-01-03 11:12:43
2025-12,경강선,1506,곤지암,"55,180","51,610","15,834","15,400",2026-01-03 11:12:43
2025-12,경강선,1507,신둔도예촌,"37,779","34,467","10,079","9,655",2026-01-03 11:12:43
2025-12,경강선,1508,이천,"80,634","85,104","17,812","18,541",2026-01-03 11:12:43
2025-12,경강선,1509,부발,"65,913","62,614","12,737","12,416",2026-01-03 11:12:43
2025-12,경강선,1510,세종대왕릉,"6,612","6,311","3,738","3,550",2026-01-03 11:12:43
2025-12,경강선,1511,여주,"75,018","72,886","23,629","23,347",2026-01-03 11:12:43
2025-12,경강선,1512,성남,"33,585","28,790","7,739","8,057",2026-01-03 11:12:43
2025-12,서해선,1980,김포공항,"91,289","127,491","14,015","26,402",2026-01-03 11:12:43
2025-12,서해선,1981,원종,"105,994","100,511","49,465","50,855",2026-01-03 11:12:43
2025-12,서해선,1982,부천종합운동장,"79,529","67,647","10,850","9,015",2026-01-03 11:12:43
2025-12,5호선,2511,방화,"152,646","146,486","63,595","62,170",2026-01-03 11:12:43
2025-12,5호선,2512,개화산,"138,175","132,471","50,685","48,704",2026-01-03 11:12:43
2025-12,5호선,2513,김포공항,"384,535","234,954","63,767","48,286",2026-01-03 11:12:43
2025-12,5호선,2514,송정,"142,940","136,158","56,255","53,997",2026-01-03 11:12:43
2025-12,5호선,2515,마곡,"411,018","415,110","73,717","71,327",2026-01-03 11:12:43
2025-12,5호선,2516,발산,"604,025","630,332","145,934","141,543",2026-01-03 11:12:43
2025-12,5호선,2517,우장산,"350,940","345,655","112,078","117,038",2026-01-03 11:12:43
2025-12,5호선,2518,화곡,"715,104","663,348","172,511","165,107",2026-01-03 11:12:43
2025-12,5호선,2519,까치산,"675,766","641,177","178,964","181,092",2026-01-03 11:12:43
2025-12,5호선,2520,신정(은행정),"340,945","274,808","76,407","74,665",2026-01-03 11:12:43
2025-12,5호선,2521,목동,"405,940","445,694","99,517","101,169",2026-01-03 11:12:43
2025-12,5호선,2522,오목교(목동운동장앞),"556,179","596,656","107,806","106,662",2026-01-03 11:12:43
2025-12,5호선,2523,양평,"215,525","211,118","35,306","34,693",2026-01-03 11:12:43
2025-12,5호선,2524,영등포구청,"128,672","125,637","22,966","22,673",2026-01-03 11:12:43
2025-12,5호선,2525,영등포시장,"296,387","297,468","87,785","89,860",2026-01-03 11:12:43
2025-12,5호선,2526,신길,"139,455","146,782","14,015","14,585",2026-01-03 11:12:43
2025-12,5호선,2527,여의도,"825,021","862,132","69,169","65,932",2026-01-03 11:12:43
2025-12,5호선,2528,여의나루,"308,750","375,442","32,658","32,481",2026-01-03 11:12:43
2025-12,5호선,2529,마포,"384,974","394,663","76,472","75,804",2026-01-03 11:12:43
2025-12,5호선,2530,공덕,"384,959","406,657","60,671","58,164",2026-01-03 11:12:43
2025-12,5호선,2531,애오개,"162,925","159,827","43,814","42,435",2026-01-03 11:12:43
2025-12,5호선,2532,충정로(경기대입구),"129,667","134,045","19,757","19,684",2026-01-03 11:12:43
2025-12,5호선,2533,서대문,"494,987","500,670","83,934","81,001",2026-01-03 11:12:43
2025-12,5호선,2534,광화문(세종문화회관),"1,071,243","1,134,292","128,365","128,349",2026-01-03 11:12:43
2025-12,5호선,2535,종로3가,"387,600","388,061","105,419","104,934",2026-01-03 11:12:43
2025-12,5호선,2536,을지로4가,"158,208","160,970","47,741","46,774",2026-01-03 11:12:43
2025-12,5호선,2537,동대문역사문화공원(DDP),"89,461","100,899","9,652","10,857",2026-01-03 11:12:43
2025-12,5호선,2538,청구,"82,958","82,539","22,249","18,729",2026-01-03 11:12:43
2025-12,5호선,2539,신금호,"151,274","158,483","43,117","48,349",2026-01-03 11:12:43
2025-12,5호선,2540,행당,"191,899","170,533","56,152","51,093",2026-01-03 11:12:43
2025-12,5호선,2541,왕십리(성동구청),"119,534","142,571","30,290","30,471",2026-01-03 11:12:43
2025-12,5호선,2542,마장,"143,839","135,210","47,364","47,622",2026-01-03 11:12:43
2025-12,5호선,2543,답십리,"397,825","352,132","93,725","90,433",2026-01-03 11:12:43
2025-12,5호선,2544,장한평,"497,855","489,509","113,294","115,667",2026-01-03 11:12:43
2025-12,5호선,2545,군자(능동),"331,454","370,839","52,359","57,137",2026-01-03 11:12:43
2025-12,5호선,2546,아차산(어린이대공원후문),"344,159","336,952","118,319","115,915",2026-01-03 11:12:43
2025-12,5호선,2547,광나루(장신대),"275,492","262,807","74,744","73,779",2026-01-03 11:12:43
2025-12,5호선,2548,천호(풍납토성),"474,170","450,735","186,154","182,188",2026-01-03 11:12:43
2025-12,5호선,2549,강동,"455,684","438,424","132,335","129,137",2026-01-03 11:12:43
2025-12,5호선,2550,길동,"190,452","194,336","93,988","96,496",2026-01-03 11:12:43
2025-12,5호선,2551,굽은다리(강동구민회관앞),"223,610","214,671","96,259","91,146",2026-01-03 11:12:43
2025-12,5호선,2552,명일,"182,710","177,214","77,259","78,591",2026-01-03 11:12:43
2025-12,5호선,2553,고덕,"236,993","229,724","88,707","86,050",2026-01-03 11:12:43
2025-12,5호선,2554,상일동,"345,174","325,645","106,810","106,428",2026-01-03 11:12:43
2025-12,5호선,2555,둔촌동,"311,602","305,857","109,611","109,260",2026-01-03 11:12:43
2025-12,5호선,2556,올림픽공원(한국체대),"132,149","112,283","43,960","39,373",2026-01-03 11:12:43
2025-12,5호선,2557,방이,"175,124","180,676","60,507","60,572",2026-01-03 11:12:43
2025-12,5호선,2558,오금,"87,363","89,661","25,803","25,091",2026-01-03 11:12:43
2025-12,5호선,2559,개롱,"142,615","146,218","57,582","59,845",2026-01-03 11:12:43
2025-12,5호선,2560,거여,"233,051","227,534","79,279","77,731",2026-01-03 11:12:43
2025-12,5호선,2561,마천,"158,329","135,154","62,214","63,598",2026-01-03 11:12:43
2025-12,5호선,2562,강일,"136,469","125,135","52,223","50,140",2026-01-03 11:12:43
2025-12,5호선,2563,미사,"469,529","470,951","104,869","104,138",2026-01-03 11:12:43
2025-12,5호선,2564,하남풍산,"106,149","104,548","41,741","41,062",2026-01-03 11:12:43
2025-12,5호선,2565,하남시청(덕풍·신장),"185,253","169,380","92,530","92,586",2026-01-03 11:12:43
2025-12,5호선,2566,하남검단산,"156,414","146,280","61,680","61,101",2026-01-03 11:12:43
2025-12,6호선,2611,응암,"411,953","407,569","142,624","141,559",2026-01-03 11:12:43
2025-12,6호선,2612,역촌,"82,660","103,304","37,618","37,676",2026-01-03 11:12:43
2025-12,6호선,2613,불광,"101,296","96,626","51,371","41,050",2026-01-03 11:12:43
2025-12,6호선,2614,독바위,"57,443","56,971","22,293","27,360",2026-01-03 11:12:43
2025-12,6호선,2615,연신내,74,0,5,0,2026-01-03 11:12:43
2025-12,6호선,2616,구산,"189,949","130,980","61,759","66,561",2026-01-03 11:12:43
2025-12,6호선,2617,새절(신사),"288,401","265,992","98,618","98,588",2026-01-03 11:12:43
2025-12,6호선,2618,증산(명지대앞),"211,593","207,772","76,210","77,144",2026-01-03 11:12:43
2025-12,6호선,2619,디지털미디어시티,"368,403","404,196","66,518","66,898",2026-01-03 11:12:43
2025-12,6호선,2620,월드컵경기장(성산),"101,913","105,835","50,063","48,896",2026-01-03 11:12:43
2025-12,6호선,2621,마포구청,"361,485","327,639","90,671","83,747",2026-01-03 11:12:43
2025-12,6호선,2622,망원,"434,597","466,897","94,388","98,137",2026-01-03 11:12:43
2025-12,6호선,2623,합정,"391,822","393,493","47,671","44,357",2026-01-03 11:12:43
2025-12,6호선,2624,상수,"321,130","364,940","27,397","27,824",2026-01-03 11:12:43
2025-12,6호선,2625,광흥창(서강),"233,208","221,895","61,374","60,423",2026-01-03 11:12:43
2025-12,6호선,2626,대흥(서강대앞),"242,822","254,194","54,263","54,785",2026-01-03 11:12:43
2025-12,6호선,2627,공덕,"489,910","478,901","94,528","88,050",2026-01-03 11:12:43
2025-12,6호선,2628,효창공원앞,"192,483","176,368","42,007","38,760",2026-01-03 11:12:43
2025-12,6호선,2629,삼각지(전쟁기념관),"237,548","216,095","23,267","20,194",2026-01-03 11:12:43
2025-12,6호선,2630,녹사평(용산구청),"152,543","161,544","20,104","19,888",2026-01-03 11:12:43
2025-12,6호선,2631,이태원,"357,201","405,490","32,943","33,083",2026-01-03 11:12:43
2025-12,6호선,2632,한강진,"297,246","358,417","19,486","19,646",2026-01-03 11:12:43
2025-12,6호선,2633,버티고개,"54,576","50,004","14,597","16,250",2026-01-03 11:12:43
2025-12,6호선,2634,약수,"92,331","91,431","22,628","22,595",2026-01-03 11:12:43
2025-12,6호선,2635,청구,"95,372","91,587","20,841","22,255",2026-01-03 11:12:43
2025-12,6호선,2636,신당,"240,983","243,543","44,524","43,214",2026-01-03 11:12:43
2025-12,6호선,2637,동묘앞,"213,526","221,335","78,226","72,867",2026-01-03 11:12:43
2025-12,6호선,2638,창신,"89,771","73,052","20,868","19,444",2026-01-03 11:12:43
2025-12,6호선,2639,보문,"219,167","205,547","35,865","33,992",2026-01-03 11:12:43
2025-12,6호선,2640,안암(고대병원앞),"370,416","363,227","44,020","43,294",2026-01-03 11:12:43
2025-12,6호선,2641,고려대(종암),"236,966","224,892","39,930","39,457",2026-01-03 11:12:43
2025-12,6호선,2642,월곡(동덕여대),"288,667","276,799","75,599","75,561",2026-01-03 11:12:43
2025-12,6호선,2643,상월곡(한국과학기술연구원),"156,228","139,781","45,614","44,361",2026-01-03 11:12:43
2025-12,6호선,2644,돌곶이,"293,365","267,714","75,922","75,351",2026-01-03 11:12:43
2025-12,6호선,2645,석계,"298,382","305,900","91,944","90,769",2026-01-03 11:12:43
2025-12,6호선,2646,태릉입구,"145,144","159,194","38,209","37,773",2026-01-03 11:12:43
2025-12,6호선,2647,화랑대(서울여대입구),"296,392","238,903","56,405","51,820",2026-01-03 11:12:43
2025-12,6호선,2648,봉화산(서울의료원),"202,424","188,149","58,694","58,161",2026-01-03 11:12:43
2025-12,6호선,2649,신내,27,0,1,0,2026-01-03 11:12:43
2025-12,7호선,2711,장암,"68,869","24,072","16,047","11,976",2026-01-03 11:12:43
2025-12,7호선,2712,도봉산,"218,060","241,399","50,361","73,118",2026-01-03 11:12:43
2025-12,7호선,2713,수락산,"275,766","271,674","121,103","122,493",2026-01-03 11:12:43
2025-12,7호선,2714,마들,"304,570","281,788","107,733","105,986",2026-01-03 11:12:43
2025-12,7호선,2715,노원,"494,468","523,927","162,545","162,914",2026-01-03 11:12:43
2025-12,7호선,2716,중계,"342,373","311,199","109,335","106,374",2026-01-03 11:12:43
2025-12,7호선,2717,하계,"432,909","401,949","134,507","129,195",2026-01-03 11:12:43
2025-12,7호선,2718,공릉(서울과학기술대),"297,200","289,355","90,403","90,996",2026-01-03 11:12:43
2025-12,7호선,2719,태릉입구,"215,581","204,848","54,409","51,211",2026-01-03 11:12:43
2025-12,7호선,2720,먹골,"239,630","235,632","80,302","82,059",2026-01-03 11:12:43
2025-12,7호선,2721,중화,"265,771","262,486","77,656","78,403",2026-01-03 11:12:43
2025-12,7호선,2722,상봉,"463,284","457,765","99,625","96,801",2026-01-03 11:12:43
2025-12,7호선,2723,면목,"349,014","331,802","107,352","110,376",2026-01-03 11:12:43
2025-12,7호선,2724,사가정,"377,448","378,166","118,849","121,084",2026-01-03 11:12:43
2025-12,7호선,2725,용마산(용마폭포공원),"136,377","131,062","39,293","42,658",2026-01-03 11:12:43
2025-12,7호선,2726,중곡,"266,747","246,860","76,819","77,848",2026-01-03 11:12:43
2025-12,7호선,2727,군자(능동),"383,570","296,221","96,160","81,382",2026-01-03 11:12:43
2025-12,7호선,2728,어린이대공원(세종대),"454,517","457,574","48,757","48,462",2026-01-03 11:12:43
2025-12,7호선,2729,건대입구,"388,730","410,856","78,654","73,240",2026-01-03 11:12:43
2025-12,7호선,2730,자양(뚝섬한강공원),"208,892","201,958","51,238","50,886",2026-01-03 11:12:43
2025-12,7호선,2731,청담,"462,597","517,701","90,276","87,805",2026-01-03 11:12:43
2025-12,7호선,2732,강남구청,"426,215","482,193","61,323","63,036",2026-01-03 11:12:43
2025-12,7호선,2733,학동,"605,373","636,283","72,745","69,392",2026-01-03 11:12:43
2025-12,7호선,2734,논현,"519,562","550,759","52,323","51,566",2026-01-03 11:12:43
2025-12,7호선,2735,반포,"165,401","159,384","49,880","47,493",2026-01-03 11:12:43
2025-12,7호선,2736,고속터미널,"494,659","404,488","95,286","86,908",2026-01-03 11:12:43
2025-12,7호선,2737,내방,"359,165","364,706","85,949","83,135",2026-01-03 11:12:43
2025-12,7호선,2738,이수,"434,366","424,754","101,565","95,179",2026-01-03 11:12:43
2025-12,7호선,2739,남성,"258,779","243,513","87,741","88,640",2026-01-03 11:12:43
2025-12,7호선,2740,숭실대입구(살피재),"340,636","336,157","71,958","74,588",2026-01-03 11:12:43
2025-12,7호선,2741,상도,"303,323","295,341","72,695","69,682",2026-01-03 11:12:43
2025-12,7호선,2742,장승배기,"217,654","210,518","80,365","80,645",2026-01-03 11:12:43
2025-12,7호선,2743,신대방삼거리,"357,943","338,451","102,364","104,825",2026-01-03 11:12:43
2025-12,7호선,2744,보라매,"168,301","175,958","37,215","38,200",2026-01-03 11:12:43
2025-12,7호선,2745,신풍,"282,193","263,858","89,501","88,301",2026-01-03 11:12:43
2025-12,7호선,2746,대림(구로구청),"237,462","240,561","55,368","54,272",2026-01-03 11:12:43
2025-12,7호선,2747,남구로,"365,494","389,412","75,790","78,038",2026-01-03 11:12:43
2025-12,7호선,2748,가산디지털단지,"1,110,915","1,109,859","115,715","107,880",2026-01-03 11:12:43
2025-12,7호선,2749,철산,"561,847","577,629","133,977","133,754",2026-01-03 11:12:43
2025-12,7호선,2750,광명사거리,"494,347","483,753","186,761","192,714",2026-01-03 11:12:43
2025-12,7호선,2751,천왕,"288,868","276,906","71,501","72,135",2026-01-03 11:12:43
2025-12,7호선,2752,온수(성공회대입구),"246,070","224,081","49,843","47,129",2026-01-03 11:12:43
2025-12,8호선,2810,암사역사공원,"172,472","146,426","38,557","37,318",2026-01-03 11:12:43
2025-12,8호선,2811,암사,"376,714","342,740","121,827","120,479",2026-01-03 11:12:43
2025-12,8호선,2812,천호(풍납토성),"438,253","515,876","128,039","130,529",2026-01-03 11:12:43
2025-12,8호선,2813,강동구청,"249,487","256,308","82,708","83,962",2026-01-03 11:12:43
2025-12,8호선,2814,몽촌토성(평화의문),"191,805","199,635","41,912","42,144",2026-01-03 11:12:43
2025-12,8호선,2815,잠실(송파구청),"594,964","702,823","110,611","109,131",2026-01-03 11:12:43
2025-12,8호선,2816,석촌,"221,040","260,789","68,677","71,076",2026-01-03 11:12:43
2025-12,8호선,2817,송파,"230,611","228,723","81,694","80,329",2026-01-03 11:12:43
2025-12,8호선,2818,가락시장,"202,053","229,871","81,117","82,739",2026-01-03 11:12:43
2025-12,8호선,2819,문정,"586,359","611,885","80,136","79,998",2026-01-03 11:12:43
2025-12,8호선,2820,장지,"435,704","400,602","105,176","99,444",2026-01-03 11:12:43
2025-12,8호선,2821,복정,"247,404","208,673","49,136","44,760",2026-01-03 11:12:43
2025-12,8호선,2822,산성,"150,083","150,872","39,727","42,440",2026-01-03 11:12:43
2025-12,8호선,2823,남한산성입구(성남법원.검찰청),"315,896","281,775","84,408","80,069",2026-01-03 11:12:43
2025-12,8호선,2824,단대오거리,"286,412","271,684","86,600","85,453",2026-01-03 11:12:43
2025-12,8호선,2825,신흥,"121,339","123,327","48,763","49,688",2026-01-03 11:12:43
2025-12,8호선,2826,수진,"122,740","110,635","51,754","51,154",2026-01-03 11:12:43
2025-12,8호선,2827,모란,"98,983","82,263","63,680","49,525",2026-01-03 11:12:43
2025-12,8호선,2828,남위례,"193,477","190,442","43,793","41,719",2026-01-03 11:12:43
2025-12,9호선,4101,개화,"61,339","40,902","12,952","10,382",2026-01-03 11:12:43
2025-12,9호선,4102,김포공항,"188,149","354,483","20,217","32,385",2026-01-03 11:12:43
2025-12,9호선,4103,공항시장,"62,287","67,003","23,994","25,837",2026-01-03 11:12:43
2025-12,9호선,4104,신방화,"160,253","157,709","53,409","53,673",2026-01-03 11:12:43
2025-12,9호선,4105,마곡나루(서울식물원),"431,666","416,524","52,604","51,705",2026-01-03 11:12:43
2025-12,9호선,4106,양천향교,"272,684","280,161","55,080","54,530",2026-01-03 11:12:43
2025-12,9호선,4107,가양,"519,036","508,924","158,972","155,627",2026-01-03 11:12:43
2025-12,9호선,4108,증미,"194,154","185,854","42,747","42,655",2026-01-03 11:12:43
2025-12,9호선,4109,등촌,"287,317","270,673","102,094","104,398",2026-01-03 11:12:43
2025-12,9호선,4110,염창,"465,064","443,036","93,190","89,926",2026-01-03 11:12:43
2025-12,9호선,4111,신목동,"108,697","94,366","30,524","29,200",2026-01-03 11:12:43
2025-12,9호선,4112,선유도,"231,765","212,908","39,388","38,802",2026-01-03 11:12:43
2025-12,9호선,4113,당산,"513,789","501,696","85,592","79,545",2026-01-03 11:12:43
2025-12,9호선,4114,국회의사당,"458,883","469,225","76,927","69,260",2026-01-03 11:12:43
2025-12,9호선,4115,여의도,"885,032","837,825","68,957","63,353",2026-01-03 11:12:43
2025-12,9호선,4116,샛강,"165,829","164,830","33,908","33,462",2026-01-03 11:12:43
2025-12,9호선,4117,노량진,"792,815","774,371","105,114","102,533",2026-01-03 11:12:43
2025-12,9호선,4118,노들,"111,613","90,335","37,737","35,187",2026-01-03 11:12:43
2025-12,9호선,4119,흑석(중앙대입구),"225,517","232,639","68,895","68,869",2026-01-03 11:12:43
2025-12,9호선,4120,동작(현충원),"48,136","41,494","13,648","12,197",2026-01-03 11:12:43
2025-12,9호선,4121,구반포,"49,835","43,865","12,183","11,689",2026-01-03 11:12:43
2025-12,9호선,4122,신반포,"115,835","108,804","34,480","34,334",2026-01-03 11:12:43
2025-12,9호선,4123,고속터미널,"421,183","602,998","84,211","104,256",2026-01-03 11:12:43
2025-12,9호선,4124,사평,"106,296","101,421","28,855","28,639",2026-01-03 11:12:43
2025-12,9호선,4125,신논현,"952,734","974,262","65,959","63,857",2026-01-03 11:12:43
2025-12,공항철도 1호선,4201,서울역,"399,077","357,799","40,990","37,832",2026-01-03 11:12:43
2025-12,공항철도 1호선,4202,공덕,"87,186","118,672","10,429","13,071",2026-01-03 11:12:43
2025-12,공항철도 1호선,4203,홍대입구,"511,899","485,784","23,589","21,902",2026-01-03 11:12:43
2025-12,공항철도 1호선,4204,디지털미디어시티,"382,251","357,909","36,053","33,688",2026-01-03 11:12:43
2025-12,공항철도 1호선,4206,마곡나루(서울식물원),"389,704","380,643","26,145","26,843",2026-01-03 11:12:43
2025-12,공항철도 1호선,4207,김포공항,"299,351","159,862","28,702","16,734",2026-01-03 11:12:43
2025-12,공항철도 1호선,4208,계양,"247,995","245,833","33,794","34,037",2026-01-03 11:12:43
2025-12,공항철도 1호선,4209,검암,"169,807","168,137","18,773","18,494",2026-01-03 11:12:43
2025-12,공항철도 1호선,4210,청라국제도시,"217,755","205,956","17,447","17,278",2026-01-03 11:12:43
2025-12,공항철도 1호선,4211,운서,"282,382","294,732","34,714","34,351",2026-01-03 11:12:43
2025-12,공항철도 1호선,4212,공항화물청사,"47,609","56,218","10,289","10,049",2026-01-03 11:12:43
2025-12,공항철도 1호선,4213,인천공항1터미널,"426,875","412,643","38,769","35,429",2026-01-03 11:12:43
2025-12,공항철도 1호선,4215,인천공항2터미널,"235,501","198,625","23,549","20,427",2026-01-03 11:12:43
2025-12,공항철도 1호선,4217,영종,"119,283","120,382","27,431","27,427",2026-01-03 11:12:43
2025-12,9호선2~3단계,4126,언주,"317,028","320,670","37,724","37,181",2026-01-03 11:12:43
2025-12,9호선2~3단계,4127,선정릉,"268,286","292,724","34,210","35,733",2026-01-03 11:12:43
2025-12,9호선2~3단계,4128,삼성중앙,"210,435","219,603","34,606","34,142",2026-01-03 11:12:43
2025-12,9호선2~3단계,4129,봉은사,"682,953","758,988","71,905","68,267",2026-01-03 11:12:43
2025-12,9호선2~3단계,4130,종합운동장,"146,085","145,663","26,432","24,129",2026-01-03 11:12:43
2025-12,9호선2~3단계,4131,삼전,"209,780","197,531","51,753","50,783",2026-01-03 11:12:43
2025-12,9호선2~3단계,4132,석촌고분,"185,049","180,118","49,386","49,231",2026-01-03 11:12:43
2025-12,9호선2~3단계,4133,석촌,"259,700","235,680","51,130","45,296",2026-01-03 11:12:43
2025-12,9호선2~3단계,4134,송파나루,"161,778","172,152","37,233","39,746",2026-01-03 11:12:43
2025-12,9호선2~3단계,4135,한성백제,"82,387","73,471","21,904","19,389",2026-01-03 11:12:43
2025-12,9호선2~3단계,4136,올림픽공원(한국체대),"256,362","272,634","33,146","33,331",2026-01-03 11:12:43
2025-12,9호선2~3단계,4137,둔촌오륜,"115,940","111,951","27,177","28,141",2026-01-03 11:12:43
2025-12,9호선2~3단계,4138,중앙보훈병원,"295,260","245,254","96,674","93,314",2026-01-03 11:12:43
2025-12,우이신설선,4701,북한산우이,"54,166","46,562","38,331","39,153",2026-01-03 11:12:43
2025-12,우이신설선,4702,솔밭공원,"48,684","43,156","32,547","33,190",2026-01-03 11:12:43
2025-12,우이신설선,4703,4.19민주묘지,"66,502","64,923","40,086","36,568",2026-01-03 11:12:43
2025-12,우이신설선,4704,가오리,"76,459","73,997","56,595","58,703",2026-01-03 11:12:43
2025-12,우이신설선,4705,화계,"61,937","55,508","52,111","51,758",2026-01-03 11:12:43
2025-12,우이신설선,4706,삼양,"43,086","43,754","33,378","36,586",2026-01-03 11:12:43
2025-12,우이신설선,4707,삼양사거리,"41,519","40,324","39,602","39,134",2026-01-03 11:12:43
2025-12,우이신설선,4708,솔샘,"136,635","124,303","46,000","47,409",2026-01-03 11:12:43
2025-12,우이신설선,4709,북한산보국문,"150,650","136,571","49,365","49,710",2026-01-03 11:12:43
2025-12,우이신설선,4710,정릉,"99,029","86,344","51,746","48,835",2026-01-03 11:12:43
2025-12,우이신설선,4711,성신여대입구(돈암),"83,580","97,008","36,841","34,970",2026-01-03 11:12:43
2025-12,우이신설선,4712,보문,"38,383","37,723","19,305","18,861",2026-01-03 11:12:43
2025-12,우이신설선,4713,신설동,"41,169","39,928","36,365","31,946",2026-01-03 11:12:43
2025-12,신림선,4401,샛강,"68,865","86,502","17,493","16,421",2026-01-03 11:12:43
2025-12,신림선,4402,대방,"85,856","61,715","25,196","19,830",2026-01-03 11:12:43
2025-12,신림선,4403,서울지방병무청,"67,780","74,831","31,242","34,371",2026-01-03 11:12:43
2025-12,신림선,4404,보라매,"110,700","99,754","32,050","28,577",2026-01-03 11:12:43
2025-12,신림선,4405,보라매공원,"50,014","54,878","20,800","22,317",2026-01-03 11:12:43
2025-12,신림선,4406,보라매병원,"178,794","187,694","67,333","67,222",2026-01-03 11:12:43
2025-12,신림선,4407,당곡,"109,766","103,352","46,738","45,471",2026-01-03 11:12:43
2025-12,신림선,4408,신림,"52,353","62,881","22,693","24,729",2026-01-03 11:12:43
2025-12,신림선,4409,서원,"83,230","71,144","30,133","29,254",2026-01-03 11:12:43
2025-12,신림선,4410,서울대벤처타운,"240,946","211,727","74,836","74,460",2026-01-03 11:12:43
2025-12,신림선,4411,관악산(서울대),"57,996","54,221","31,115","31,084",2026-01-03 11:12:43
